{"cameraMode":{"drawMode":0,"name":"Shaded","section":"Shading Mode"},"sceneLighting":true,"audioPlay":false,"sceneViewState":{"m_AlwaysRefresh":false,"showFog":true,"showSkybox":true,"showFlares":true,"showImageEffects":true,"showParticleSystems":true,"showVisualEffectGraphs":true,"m_FxEnabled":true},"in2DMode":false,"pivot":{"x":0.8886232376098633,"y":1.2885832786560059,"z":0.040988922119140628},"rotation":{"x":-0.06646517664194107,"y":0.8961811065673828,"z":-0.1437055766582489,"w":-0.41448774933815},"size":2.5886754989624025,"orthographic":true}